GENE_NAME,Sumo,Diff,minLogP
ATF6,NSMCE2,NA,NA
BCL11B,NSMCE2,2.88,1.7
BCLAF1,NSMCE2,3.37,2.53
BHLHE40,NSMCE2,NA,NA
BHLHE41,NSMCE2,4.7,2.74
BNC2,NSMCE2,NA,NA
BRD8,NSMCE2,1.52,1.86
BRIX1,NSMCE2,3.09,2.21
CASP8AP2,NSMCE2,6.1,4.12
CCAR2,NSMCE2,NA,NA
CDC5L,NSMCE2,2.49,3.78
CDK11A,NSMCE2,4.83,2.86
CENPC,NSMCE2,4.82,5.29
CHD4,NSMCE2,0.9,3.64
COIL,NSMCE2,6.46,12.63
DDX18,NSMCE2,3.87,4.28
DKC1,NSMCE2,3.4,2.61
DNTTIP2,NSMCE2,6.33,7.66
ELMSAN1,NSMCE2,2.16,7.35
EMSY;C11orf30,NSMCE2,5.67,6.35
ETV6,NSMCE2,2.65,2.13
EXOSC10,NSMCE2,6.14,14.6
FAM111A,NSMCE2,4.44,5.41
FOSL2,NSMCE2,2.64,1.79
FOXM1,NSMCE2,NA,NA
FTSJ3,NSMCE2,1.5,7.15
GLYR1,NSMCE2,2.24,2.2
GTF2I,NSMCE2,NA,NA
GTF2IRD1,NSMCE2,NA,NA
HDAC1,NSMCE2,1.96,1.75
HDX,NSMCE2,4.74,5.08
HIPK1,NSMCE2,3.63,1.99
HJURP,NSMCE2,3.89,2.51
HMBOX1,NSMCE2,5.2,4.04
HMG20B,NSMCE2,3.45,1.76
HNRNPC,NSMCE2,6.57,5.42
HNRNPM,NSMCE2,3.63,2.55
HSF1,NSMCE2,4.85,2.86
INTS12,NSMCE2,3.91,4.85
KANSL1,NSMCE2,3.21,2.94
KCTD1,NSMCE2,3.07,1.76
KDM4A,NSMCE2,3.23,3.79
KDM5B,NSMCE2,3.6,2.69
KIAA1551,NSMCE2,5.13,10.78
LAMB2,NSMCE2,NA,NA
LAS1L,NSMCE2,3.82,4.37
LMNA,NSMCE2,2.26,1.89
LMNB1,NSMCE2,4.56,2.07
LMNB2,NSMCE2,3.07,2.4
MAFG,NSMCE2,3.52,2.88
MAFK,NSMCE2,2.19,3.24
MAGED4,NSMCE2,2.34,2.72
MATR3,NSMCE2,3.89,1.8
MBD1,NSMCE2,NA,NA
MED6,NSMCE2,2.93,7.56
MGA,NSMCE2,4.91,3.02
MIS18BP1,NSMCE2,6.36,3.21
MKI67,NSMCE2,2.49,2.76
MORC2,NSMCE2,3.27,4.03
MORC3,NSMCE2,3.89,1.65
MPHOSPH10,NSMCE2,6.59,10.79
MSANTD4,NSMCE2,6.44,3.38
MVP,NSMCE2,NA,NA
NAB2,NSMCE2,5,2.39
NFIL3,NSMCE2,2.71,3.78
NHP2,NSMCE2,4.5,8.02
NIFK,NSMCE2,7.51,11.7
NOL10,NSMCE2,4.47,11.44
NOP2,NSMCE2,6.4,4.37
NOP58,NSMCE2,5.6,5.34
NOVA2,NSMCE2,2.29,3.9
NPAT,NSMCE2,5.62,3.06
NR3C1,NSMCE2,NA,NA
NUMA1,NSMCE2,4.18,2.17
OGDH,NSMCE2,NA,NA
PHF21A,NSMCE2,4.1,4.5
PIAS1,NSMCE2,NA,NA
PIAS2,NSMCE2,NA,NA
PIAS3,NSMCE2,NA,NA
PLOD3,NSMCE2,NA,NA
PML,NSMCE2,4.15,2.49
PML-11,NSMCE2,3.75,4.64
PNN,NSMCE2,3.21,3.42
POLR3D,NSMCE2,4.14,2.3
PTGFRN,NSMCE2,NA,NA
PTRF,NSMCE2,4.48,5.98
RAD18,NSMCE2,8.35,6.8
RAD54L2,NSMCE2,5.02,3.99
RANGAP1,NSMCE2,6.85,4.94
RBBP6,NSMCE2,4.04,6.36
RBM25,NSMCE2,7.99,10.35
RBM28,NSMCE2,3.67,8.36
RNF216,NSMCE2,6.22,2.81
RPL13,NSMCE2,NA,NA
RPS27A,NSMCE2,2.29,4.88
RRP15,NSMCE2,4.79,9.29
RRS1,NSMCE2,5.11,10.4
RSF1,NSMCE2,4.06,11.25
RSL1D1,NSMCE2,3.65,10.26
SAP130,NSMCE2,3.76,4.18
SART1,NSMCE2,5.3,3.36
SEC61A1,NSMCE2,NA,NA
SETX,NSMCE2,4.94,3.91
SLX4,NSMCE2,5.66,2.96
SLX4IP,NSMCE2,5.53,3.55
SMARCC1,NSMCE2,NA,NA
SNIP1,NSMCE2,3.07,2.4
SNW1,NSMCE2,3.41,5.05
SOD1,NSMCE2,NA,NA
SP100,NSMCE2,7.66,4.55
SPRTN,NSMCE2,5.42,3.66
SRRM1,NSMCE2,2.8,3.76
SUMO1,NSMCE2,NA,NA
SUMO2,NSMCE2,2.63,5.15
SUMO3,NSMCE2,2.37,3.62
TARDBP;TDP43,NSMCE2,1.49,1.92
TCOF1,NSMCE2,9.19,13.56
TERF2IP,NSMCE2,2.94,4.67
TNRC18,NSMCE2,NA,NA
TOP2A,NSMCE2,1.57,4.84
TOP2B,NSMCE2,4.91,7.82
TOPORS,NSMCE2,6.48,3.46
TRIM28,NSMCE2,NA,NA
TRIM33,NSMCE2,5.53,3.5
USP39,NSMCE2,0.8,2.77
UTP14A,NSMCE2,7.55,11.97
UTP18,NSMCE2,2.89,1.71
UTP3,NSMCE2,4.79,10.62
WDR43,NSMCE2,3.97,2.92
WDR75,NSMCE2,3.75,2.41
WIZ,NSMCE2,NA,NA
XRCC5,NSMCE2,NA,NA
YEATS2,NSMCE2,4.5,2.65
ZBTB1,NSMCE2,NA,NA
ZBTB12,NSMCE2,5.14,2.77
ZBTB2,NSMCE2,5.21,3.08
ZBTB20,NSMCE2,3.42,2.53
ZBTB25,NSMCE2,4.66,4.01
ZBTB33,NSMCE2,3.68,2.69
ZBTB38,NSMCE2,4.95,1.75
ZBTB5,NSMCE2,5.64,3.11
ZBTB9,NSMCE2,4.68,1.99
ZC3H11A,NSMCE2,4.52,2.36
ZCCHC7,NSMCE2,7.62,7.85
ZFR,NSMCE2,3.23,4.24
ZMYM2,NSMCE2,4.38,2.4
ZMYM4,NSMCE2,NA,NA
ZMYND8,NSMCE2,1.48,2.25
ZNF106,NSMCE2,5.02,3.78
ZNF131,NSMCE2,3.42,5.43
ZNF251,NSMCE2,NA,NA
ZNF280C,NSMCE2,0.97,3.77
ZNF318,NSMCE2,1.67,1.87
ZNF445,NSMCE2,2.89,1.71
ZNF451,NSMCE2,3.4,7.73
ZNF451-3,NSMCE2,5.71,4.53
ZNF462,NSMCE2,2.25,2.59
ZNF518A,NSMCE2,3.11,2.44
ZNF644,NSMCE2,1.85,2.9
ZNF687,NSMCE2,2.63,2.08
ZNF800,NSMCE2,2.34,2.37
ZNF827,NSMCE2,4.77,2.16
ZNHIT6,NSMCE2,3.17,1.67
ZXDC,NSMCE2,3.1,2.05
ATF6,PIAS1,NA,NA
BCL11B,PIAS1,NA,NA
BCLAF1,PIAS1,NA,NA
BHLHE40,PIAS1,NA,NA
BHLHE41,PIAS1,NA,NA
BNC2,PIAS1,NA,NA
BRD8,PIAS1,NA,NA
BRIX1,PIAS1,NA,NA
CASP8AP2,PIAS1,NA,NA
CCAR2,PIAS1,NA,NA
CDC5L,PIAS1,NA,NA
CDK11A,PIAS1,NA,NA
CENPC,PIAS1,NA,NA
CHD4,PIAS1,NA,NA
COIL,PIAS1,NA,NA
DDX18,PIAS1,NA,NA
DKC1,PIAS1,NA,NA
DNTTIP2,PIAS1,NA,NA
ELMSAN1,PIAS1,NA,NA
EMSY;C11orf30,PIAS1,NA,NA
ETV6,PIAS1,NA,NA
EXOSC10,PIAS1,NA,NA
FAM111A,PIAS1,NA,NA
FOSL2,PIAS1,NA,NA
FOXM1,PIAS1,NA,NA
FTSJ3,PIAS1,NA,NA
GLYR1,PIAS1,NA,NA
GTF2I,PIAS1,NA,NA
GTF2IRD1,PIAS1,NA,NA
HDAC1,PIAS1,NA,NA
HDX,PIAS1,NA,NA
HIPK1,PIAS1,NA,NA
HJURP,PIAS1,NA,NA
HMBOX1,PIAS1,NA,NA
HMG20B,PIAS1,NA,NA
HNRNPC,PIAS1,NA,NA
HNRNPM,PIAS1,NA,NA
HSF1,PIAS1,NA,NA
INTS12,PIAS1,NA,NA
KANSL1,PIAS1,NA,NA
KCTD1,PIAS1,NA,NA
KDM4A,PIAS1,NA,NA
KDM5B,PIAS1,NA,NA
KIAA1551,PIAS1,NA,NA
LAMB2,PIAS1,NA,NA
LAS1L,PIAS1,NA,NA
LMNA,PIAS1,NA,NA
LMNB1,PIAS1,NA,NA
LMNB2,PIAS1,NA,NA
MAFG,PIAS1,NA,NA
MAFK,PIAS1,NA,NA
MAGED4,PIAS1,NA,NA
MATR3,PIAS1,NA,NA
MBD1,PIAS1,NA,NA
MED6,PIAS1,NA,NA
MGA,PIAS1,NA,NA
MIS18BP1,PIAS1,NA,NA
MKI67,PIAS1,NA,NA
MORC2,PIAS1,NA,NA
MORC3,PIAS1,NA,NA
MPHOSPH10,PIAS1,NA,NA
MSANTD4,PIAS1,NA,NA
MVP,PIAS1,NA,NA
NAB2,PIAS1,NA,NA
NFIL3,PIAS1,NA,NA
NHP2,PIAS1,NA,NA
NIFK,PIAS1,NA,NA
NOL10,PIAS1,NA,NA
NOP2,PIAS1,NA,NA
NOP58,PIAS1,NA,NA
NOVA2,PIAS1,NA,NA
NPAT,PIAS1,NA,NA
NR3C1,PIAS1,NA,NA
NUMA1,PIAS1,NA,NA
OGDH,PIAS1,NA,NA
PHF21A,PIAS1,NA,NA
PIAS1,PIAS1,9.21,5.23
PIAS2,PIAS1,NA,NA
PIAS3,PIAS1,NA,NA
PLOD3,PIAS1,NA,NA
PML,PIAS1,NA,NA
PML-11,PIAS1,NA,NA
PNN,PIAS1,NA,NA
POLR3D,PIAS1,NA,NA
PTGFRN,PIAS1,1.51,2.96
PTRF,PIAS1,NA,NA
RAD18,PIAS1,NA,NA
RAD54L2,PIAS1,NA,NA
RANGAP1,PIAS1,NA,NA
RBBP6,PIAS1,NA,NA
RBM25,PIAS1,NA,NA
RBM28,PIAS1,NA,NA
RNF216,PIAS1,NA,NA
RPL13,PIAS1,NA,NA
RPS27A,PIAS1,NA,NA
RRP15,PIAS1,NA,NA
RRS1,PIAS1,NA,NA
RSF1,PIAS1,NA,NA
RSL1D1,PIAS1,NA,NA
SAP130,PIAS1,NA,NA
SART1,PIAS1,NA,NA
SEC61A1,PIAS1,NA,NA
SETX,PIAS1,NA,NA
SLX4,PIAS1,NA,NA
SLX4IP,PIAS1,NA,NA
SMARCC1,PIAS1,NA,NA
SNIP1,PIAS1,NA,NA
SNW1,PIAS1,NA,NA
SOD1,PIAS1,NA,NA
SP100,PIAS1,NA,NA
SPRTN,PIAS1,NA,NA
SRRM1,PIAS1,NA,NA
SUMO1,PIAS1,NA,NA
SUMO2,PIAS1,NA,NA
SUMO3,PIAS1,NA,NA
TARDBP;TDP43,PIAS1,NA,NA
TCOF1,PIAS1,NA,NA
TERF2IP,PIAS1,NA,NA
TNRC18,PIAS1,NA,NA
TOP2A,PIAS1,NA,NA
TOP2B,PIAS1,NA,NA
TOPORS,PIAS1,NA,NA
TRIM28,PIAS1,NA,NA
TRIM33,PIAS1,NA,NA
USP39,PIAS1,NA,NA
UTP14A,PIAS1,NA,NA
UTP18,PIAS1,NA,NA
UTP3,PIAS1,NA,NA
WDR43,PIAS1,NA,NA
WDR75,PIAS1,NA,NA
WIZ,PIAS1,NA,NA
XRCC5,PIAS1,NA,NA
YEATS2,PIAS1,NA,NA
ZBTB1,PIAS1,NA,NA
ZBTB12,PIAS1,NA,NA
ZBTB2,PIAS1,NA,NA
ZBTB20,PIAS1,NA,NA
ZBTB25,PIAS1,NA,NA
ZBTB33,PIAS1,NA,NA
ZBTB38,PIAS1,NA,NA
ZBTB5,PIAS1,NA,NA
ZBTB9,PIAS1,NA,NA
ZC3H11A,PIAS1,NA,NA
ZCCHC7,PIAS1,NA,NA
ZFR,PIAS1,NA,NA
ZMYM2,PIAS1,NA,NA
ZMYM4,PIAS1,NA,NA
ZMYND8,PIAS1,NA,NA
ZNF106,PIAS1,NA,NA
ZNF131,PIAS1,NA,NA
ZNF251,PIAS1,NA,NA
ZNF280C,PIAS1,NA,NA
ZNF318,PIAS1,NA,NA
ZNF445,PIAS1,NA,NA
ZNF451,PIAS1,NA,NA
ZNF451-3,PIAS1,NA,NA
ZNF462,PIAS1,NA,NA
ZNF518A,PIAS1,NA,NA
ZNF644,PIAS1,NA,NA
ZNF687,PIAS1,NA,NA
ZNF800,PIAS1,NA,NA
ZNF827,PIAS1,NA,NA
ZNHIT6,PIAS1,NA,NA
ZXDC,PIAS1,NA,NA
ATF6,PIAS2,NA,NA
BCL11B,PIAS2,NA,NA
BCLAF1,PIAS2,NA,NA
BHLHE40,PIAS2,NA,NA
BHLHE41,PIAS2,NA,NA
BNC2,PIAS2,NA,NA
BRD8,PIAS2,NA,NA
BRIX1,PIAS2,NA,NA
CASP8AP2,PIAS2,NA,NA
CCAR2,PIAS2,NA,NA
CDC5L,PIAS2,NA,NA
CDK11A,PIAS2,NA,NA
CENPC,PIAS2,NA,NA
CHD4,PIAS2,NA,NA
COIL,PIAS2,NA,NA
DDX18,PIAS2,NA,NA
DKC1,PIAS2,NA,NA
DNTTIP2,PIAS2,NA,NA
ELMSAN1,PIAS2,NA,NA
EMSY;C11orf30,PIAS2,NA,NA
ETV6,PIAS2,NA,NA
EXOSC10,PIAS2,NA,NA
FAM111A,PIAS2,NA,NA
FOSL2,PIAS2,NA,NA
FOXM1,PIAS2,NA,NA
FTSJ3,PIAS2,NA,NA
GLYR1,PIAS2,NA,NA
GTF2I,PIAS2,NA,NA
GTF2IRD1,PIAS2,NA,NA
HDAC1,PIAS2,NA,NA
HDX,PIAS2,NA,NA
HIPK1,PIAS2,NA,NA
HJURP,PIAS2,NA,NA
HMBOX1,PIAS2,NA,NA
HMG20B,PIAS2,NA,NA
HNRNPC,PIAS2,NA,NA
HNRNPM,PIAS2,NA,NA
HSF1,PIAS2,NA,NA
INTS12,PIAS2,NA,NA
KANSL1,PIAS2,NA,NA
KCTD1,PIAS2,NA,NA
KDM4A,PIAS2,NA,NA
KDM5B,PIAS2,NA,NA
KIAA1551,PIAS2,NA,NA
LAMB2,PIAS2,NA,NA
LAS1L,PIAS2,NA,NA
LMNA,PIAS2,NA,NA
LMNB1,PIAS2,NA,NA
LMNB2,PIAS2,NA,NA
MAFG,PIAS2,NA,NA
MAFK,PIAS2,NA,NA
MAGED4,PIAS2,NA,NA
MATR3,PIAS2,NA,NA
MBD1,PIAS2,NA,NA
MED6,PIAS2,NA,NA
MGA,PIAS2,NA,NA
MIS18BP1,PIAS2,NA,NA
MKI67,PIAS2,NA,NA
MORC2,PIAS2,NA,NA
MORC3,PIAS2,NA,NA
MPHOSPH10,PIAS2,NA,NA
MSANTD4,PIAS2,NA,NA
MVP,PIAS2,2.38,3.69
NAB2,PIAS2,NA,NA
NFIL3,PIAS2,NA,NA
NHP2,PIAS2,NA,NA
NIFK,PIAS2,NA,NA
NOL10,PIAS2,NA,NA
NOP2,PIAS2,NA,NA
NOP58,PIAS2,NA,NA
NOVA2,PIAS2,NA,NA
NPAT,PIAS2,NA,NA
NR3C1,PIAS2,NA,NA
NUMA1,PIAS2,NA,NA
OGDH,PIAS2,NA,NA
PHF21A,PIAS2,NA,NA
PIAS1,PIAS2,NA,NA
PIAS2,PIAS2,4.85,3.98
PIAS3,PIAS2,NA,NA
PLOD3,PIAS2,NA,NA
PML,PIAS2,NA,NA
PML-11,PIAS2,NA,NA
PNN,PIAS2,NA,NA
POLR3D,PIAS2,NA,NA
PTGFRN,PIAS2,NA,NA
PTRF,PIAS2,NA,NA
RAD18,PIAS2,NA,NA
RAD54L2,PIAS2,NA,NA
RANGAP1,PIAS2,NA,NA
RBBP6,PIAS2,NA,NA
RBM25,PIAS2,NA,NA
RBM28,PIAS2,NA,NA
RNF216,PIAS2,NA,NA
RPL13,PIAS2,NA,NA
RPS27A,PIAS2,NA,NA
RRP15,PIAS2,NA,NA
RRS1,PIAS2,NA,NA
RSF1,PIAS2,NA,NA
RSL1D1,PIAS2,NA,NA
SAP130,PIAS2,NA,NA
SART1,PIAS2,NA,NA
SEC61A1,PIAS2,NA,NA
SETX,PIAS2,NA,NA
SLX4,PIAS2,NA,NA
SLX4IP,PIAS2,NA,NA
SMARCC1,PIAS2,NA,NA
SNIP1,PIAS2,NA,NA
SNW1,PIAS2,NA,NA
SOD1,PIAS2,NA,NA
SP100,PIAS2,NA,NA
SPRTN,PIAS2,NA,NA
SRRM1,PIAS2,NA,NA
SUMO1,PIAS2,NA,NA
SUMO2,PIAS2,NA,NA
SUMO3,PIAS2,NA,NA
TARDBP;TDP43,PIAS2,NA,NA
TCOF1,PIAS2,NA,NA
TERF2IP,PIAS2,NA,NA
TNRC18,PIAS2,NA,NA
TOP2A,PIAS2,NA,NA
TOP2B,PIAS2,NA,NA
TOPORS,PIAS2,NA,NA
TRIM28,PIAS2,NA,NA
TRIM33,PIAS2,NA,NA
USP39,PIAS2,NA,NA
UTP14A,PIAS2,NA,NA
UTP18,PIAS2,NA,NA
UTP3,PIAS2,NA,NA
WDR43,PIAS2,NA,NA
WDR75,PIAS2,NA,NA
WIZ,PIAS2,NA,NA
XRCC5,PIAS2,NA,NA
YEATS2,PIAS2,NA,NA
ZBTB1,PIAS2,NA,NA
ZBTB12,PIAS2,NA,NA
ZBTB2,PIAS2,NA,NA
ZBTB20,PIAS2,NA,NA
ZBTB25,PIAS2,NA,NA
ZBTB33,PIAS2,NA,NA
ZBTB38,PIAS2,NA,NA
ZBTB5,PIAS2,NA,NA
ZBTB9,PIAS2,NA,NA
ZC3H11A,PIAS2,NA,NA
ZCCHC7,PIAS2,NA,NA
ZFR,PIAS2,NA,NA
ZMYM2,PIAS2,NA,NA
ZMYM4,PIAS2,NA,NA
ZMYND8,PIAS2,NA,NA
ZNF106,PIAS2,NA,NA
ZNF131,PIAS2,NA,NA
ZNF251,PIAS2,NA,NA
ZNF280C,PIAS2,NA,NA
ZNF318,PIAS2,NA,NA
ZNF445,PIAS2,NA,NA
ZNF451,PIAS2,NA,NA
ZNF451-3,PIAS2,NA,NA
ZNF462,PIAS2,NA,NA
ZNF518A,PIAS2,NA,NA
ZNF644,PIAS2,NA,NA
ZNF687,PIAS2,NA,NA
ZNF800,PIAS2,NA,NA
ZNF827,PIAS2,NA,NA
ZNHIT6,PIAS2,NA,NA
ZXDC,PIAS2,NA,NA
ATF6,PIAS3,NA,NA
BCL11B,PIAS3,NA,NA
BCLAF1,PIAS3,NA,NA
BHLHE40,PIAS3,NA,NA
BHLHE41,PIAS3,NA,NA
BNC2,PIAS3,NA,NA
BRD8,PIAS3,NA,NA
BRIX1,PIAS3,NA,NA
CASP8AP2,PIAS3,NA,NA
CCAR2,PIAS3,NA,NA
CDC5L,PIAS3,NA,NA
CDK11A,PIAS3,NA,NA
CENPC,PIAS3,NA,NA
CHD4,PIAS3,NA,NA
COIL,PIAS3,NA,NA
DDX18,PIAS3,NA,NA
DKC1,PIAS3,NA,NA
DNTTIP2,PIAS3,NA,NA
ELMSAN1,PIAS3,NA,NA
EMSY;C11orf30,PIAS3,NA,NA
ETV6,PIAS3,NA,NA
EXOSC10,PIAS3,NA,NA
FAM111A,PIAS3,NA,NA
FOSL2,PIAS3,NA,NA
FOXM1,PIAS3,NA,NA
FTSJ3,PIAS3,NA,NA
GLYR1,PIAS3,NA,NA
GTF2I,PIAS3,NA,NA
GTF2IRD1,PIAS3,NA,NA
HDAC1,PIAS3,NA,NA
HDX,PIAS3,NA,NA
HIPK1,PIAS3,NA,NA
HJURP,PIAS3,NA,NA
HMBOX1,PIAS3,NA,NA
HMG20B,PIAS3,NA,NA
HNRNPC,PIAS3,NA,NA
HNRNPM,PIAS3,NA,NA
HSF1,PIAS3,NA,NA
INTS12,PIAS3,NA,NA
KANSL1,PIAS3,NA,NA
KCTD1,PIAS3,NA,NA
KDM4A,PIAS3,NA,NA
KDM5B,PIAS3,NA,NA
KIAA1551,PIAS3,NA,NA
LAMB2,PIAS3,NA,NA
LAS1L,PIAS3,NA,NA
LMNA,PIAS3,NA,NA
LMNB1,PIAS3,NA,NA
LMNB2,PIAS3,NA,NA
MAFG,PIAS3,NA,NA
MAFK,PIAS3,NA,NA
MAGED4,PIAS3,NA,NA
MATR3,PIAS3,NA,NA
MBD1,PIAS3,NA,NA
MED6,PIAS3,NA,NA
MGA,PIAS3,NA,NA
MIS18BP1,PIAS3,NA,NA
MKI67,PIAS3,NA,NA
MORC2,PIAS3,NA,NA
MORC3,PIAS3,NA,NA
MPHOSPH10,PIAS3,NA,NA
MSANTD4,PIAS3,NA,NA
MVP,PIAS3,NA,NA
NAB2,PIAS3,NA,NA
NFIL3,PIAS3,NA,NA
NHP2,PIAS3,NA,NA
NIFK,PIAS3,NA,NA
NOL10,PIAS3,NA,NA
NOP2,PIAS3,NA,NA
NOP58,PIAS3,NA,NA
NOVA2,PIAS3,NA,NA
NPAT,PIAS3,NA,NA
NR3C1,PIAS3,NA,NA
NUMA1,PIAS3,NA,NA
OGDH,PIAS3,NA,NA
PHF21A,PIAS3,NA,NA
PIAS1,PIAS3,NA,NA
PIAS2,PIAS3,NA,NA
PIAS3,PIAS3,6.15,4.1
PLOD3,PIAS3,NA,NA
PML,PIAS3,NA,NA
PML-11,PIAS3,NA,NA
PNN,PIAS3,NA,NA
POLR3D,PIAS3,NA,NA
PTGFRN,PIAS3,NA,NA
PTRF,PIAS3,NA,NA
RAD18,PIAS3,NA,NA
RAD54L2,PIAS3,NA,NA
RANGAP1,PIAS3,NA,NA
RBBP6,PIAS3,NA,NA
RBM25,PIAS3,NA,NA
RBM28,PIAS3,NA,NA
RNF216,PIAS3,NA,NA
RPL13,PIAS3,NA,NA
RPS27A,PIAS3,NA,NA
RRP15,PIAS3,NA,NA
RRS1,PIAS3,NA,NA
RSF1,PIAS3,NA,NA
RSL1D1,PIAS3,NA,NA
SAP130,PIAS3,NA,NA
SART1,PIAS3,NA,NA
SEC61A1,PIAS3,NA,NA
SETX,PIAS3,NA,NA
SLX4,PIAS3,NA,NA
SLX4IP,PIAS3,NA,NA
SMARCC1,PIAS3,NA,NA
SNIP1,PIAS3,NA,NA
SNW1,PIAS3,NA,NA
SOD1,PIAS3,3.85,3.78
SP100,PIAS3,NA,NA
SPRTN,PIAS3,NA,NA
SRRM1,PIAS3,NA,NA
SUMO1,PIAS3,NA,NA
SUMO2,PIAS3,NA,NA
SUMO3,PIAS3,NA,NA
TARDBP;TDP43,PIAS3,NA,NA
TCOF1,PIAS3,NA,NA
TERF2IP,PIAS3,NA,NA
TNRC18,PIAS3,NA,NA
TOP2A,PIAS3,NA,NA
TOP2B,PIAS3,NA,NA
TOPORS,PIAS3,NA,NA
TRIM28,PIAS3,NA,NA
TRIM33,PIAS3,NA,NA
USP39,PIAS3,NA,NA
UTP14A,PIAS3,NA,NA
UTP18,PIAS3,NA,NA
UTP3,PIAS3,NA,NA
WDR43,PIAS3,NA,NA
WDR75,PIAS3,NA,NA
WIZ,PIAS3,NA,NA
XRCC5,PIAS3,NA,NA
YEATS2,PIAS3,NA,NA
ZBTB1,PIAS3,NA,NA
ZBTB12,PIAS3,NA,NA
ZBTB2,PIAS3,NA,NA
ZBTB20,PIAS3,NA,NA
ZBTB25,PIAS3,NA,NA
ZBTB33,PIAS3,NA,NA
ZBTB38,PIAS3,NA,NA
ZBTB5,PIAS3,NA,NA
ZBTB9,PIAS3,NA,NA
ZC3H11A,PIAS3,NA,NA
ZCCHC7,PIAS3,NA,NA
ZFR,PIAS3,NA,NA
ZMYM2,PIAS3,NA,NA
ZMYM4,PIAS3,NA,NA
ZMYND8,PIAS3,NA,NA
ZNF106,PIAS3,NA,NA
ZNF131,PIAS3,NA,NA
ZNF251,PIAS3,NA,NA
ZNF280C,PIAS3,NA,NA
ZNF318,PIAS3,NA,NA
ZNF445,PIAS3,NA,NA
ZNF451,PIAS3,NA,NA
ZNF451-3,PIAS3,NA,NA
ZNF462,PIAS3,NA,NA
ZNF518A,PIAS3,NA,NA
ZNF644,PIAS3,NA,NA
ZNF687,PIAS3,NA,NA
ZNF800,PIAS3,NA,NA
ZNF827,PIAS3,NA,NA
ZNHIT6,PIAS3,NA,NA
ZXDC,PIAS3,NA,NA
ATF6,PIAS4,NA,NA
BCL11B,PIAS4,NA,NA
BCLAF1,PIAS4,NA,NA
BHLHE40,PIAS4,NA,NA
BHLHE41,PIAS4,NA,NA
BNC2,PIAS4,NA,NA
BRD8,PIAS4,NA,NA
BRIX1,PIAS4,NA,NA
CASP8AP2,PIAS4,NA,NA
CCAR2,PIAS4,NA,NA
CDC5L,PIAS4,NA,NA
CDK11A,PIAS4,NA,NA
CENPC,PIAS4,NA,NA
CHD4,PIAS4,NA,NA
COIL,PIAS4,NA,NA
DDX18,PIAS4,NA,NA
DKC1,PIAS4,NA,NA
DNTTIP2,PIAS4,NA,NA
ELMSAN1,PIAS4,NA,NA
EMSY;C11orf30,PIAS4,NA,NA
ETV6,PIAS4,NA,NA
EXOSC10,PIAS4,NA,NA
FAM111A,PIAS4,NA,NA
FOSL2,PIAS4,NA,NA
FOXM1,PIAS4,NA,NA
FTSJ3,PIAS4,NA,NA
GLYR1,PIAS4,NA,NA
GTF2I,PIAS4,NA,NA
GTF2IRD1,PIAS4,NA,NA
HDAC1,PIAS4,NA,NA
HDX,PIAS4,NA,NA
HIPK1,PIAS4,NA,NA
HJURP,PIAS4,NA,NA
HMBOX1,PIAS4,NA,NA
HMG20B,PIAS4,NA,NA
HNRNPC,PIAS4,NA,NA
HNRNPM,PIAS4,NA,NA
HSF1,PIAS4,NA,NA
INTS12,PIAS4,NA,NA
KANSL1,PIAS4,NA,NA
KCTD1,PIAS4,NA,NA
KDM4A,PIAS4,NA,NA
KDM5B,PIAS4,NA,NA
KIAA1551,PIAS4,NA,NA
LAMB2,PIAS4,NA,NA
LAS1L,PIAS4,NA,NA
LMNA,PIAS4,NA,NA
LMNB1,PIAS4,NA,NA
LMNB2,PIAS4,NA,NA
MAFG,PIAS4,NA,NA
MAFK,PIAS4,NA,NA
MAGED4,PIAS4,NA,NA
MATR3,PIAS4,NA,NA
MBD1,PIAS4,NA,NA
MED6,PIAS4,NA,NA
MGA,PIAS4,NA,NA
MIS18BP1,PIAS4,NA,NA
MKI67,PIAS4,NA,NA
MORC2,PIAS4,NA,NA
MORC3,PIAS4,NA,NA
MPHOSPH10,PIAS4,NA,NA
MSANTD4,PIAS4,NA,NA
MVP,PIAS4,NA,NA
NAB2,PIAS4,NA,NA
NFIL3,PIAS4,NA,NA
NHP2,PIAS4,NA,NA
NIFK,PIAS4,NA,NA
NOL10,PIAS4,NA,NA
NOP2,PIAS4,NA,NA
NOP58,PIAS4,NA,NA
NOVA2,PIAS4,NA,NA
NPAT,PIAS4,NA,NA
NR3C1,PIAS4,NA,NA
NUMA1,PIAS4,NA,NA
OGDH,PIAS4,NA,NA
PHF21A,PIAS4,NA,NA
PIAS1,PIAS4,NA,NA
PIAS2,PIAS4,NA,NA
PIAS3,PIAS4,NA,NA
PLOD3,PIAS4,NA,NA
PML,PIAS4,NA,NA
PML-11,PIAS4,NA,NA
PNN,PIAS4,NA,NA
POLR3D,PIAS4,NA,NA
PTGFRN,PIAS4,NA,NA
PTRF,PIAS4,NA,NA
RAD18,PIAS4,NA,NA
RAD54L2,PIAS4,NA,NA
RANGAP1,PIAS4,NA,NA
RBBP6,PIAS4,NA,NA
RBM25,PIAS4,NA,NA
RBM28,PIAS4,NA,NA
RNF216,PIAS4,NA,NA
RPL13,PIAS4,NA,NA
RPS27A,PIAS4,NA,NA
RRP15,PIAS4,NA,NA
RRS1,PIAS4,NA,NA
RSF1,PIAS4,NA,NA
RSL1D1,PIAS4,NA,NA
SAP130,PIAS4,NA,NA
SART1,PIAS4,NA,NA
SEC61A1,PIAS4,NA,NA
SETX,PIAS4,NA,NA
SLX4,PIAS4,NA,NA
SLX4IP,PIAS4,NA,NA
SMARCC1,PIAS4,NA,NA
SNIP1,PIAS4,NA,NA
SNW1,PIAS4,NA,NA
SOD1,PIAS4,NA,NA
SP100,PIAS4,NA,NA
SPRTN,PIAS4,NA,NA
SRRM1,PIAS4,NA,NA
SUMO1,PIAS4,NA,NA
SUMO2,PIAS4,NA,NA
SUMO3,PIAS4,NA,NA
TARDBP;TDP43,PIAS4,NA,NA
TCOF1,PIAS4,NA,NA
TERF2IP,PIAS4,NA,NA
TNRC18,PIAS4,NA,NA
TOP2A,PIAS4,NA,NA
TOP2B,PIAS4,NA,NA
TOPORS,PIAS4,NA,NA
TRIM28,PIAS4,NA,NA
TRIM33,PIAS4,NA,NA
USP39,PIAS4,NA,NA
UTP14A,PIAS4,NA,NA
UTP18,PIAS4,NA,NA
UTP3,PIAS4,NA,NA
WDR43,PIAS4,NA,NA
WDR75,PIAS4,NA,NA
WIZ,PIAS4,NA,NA
XRCC5,PIAS4,NA,NA
YEATS2,PIAS4,NA,NA
ZBTB1,PIAS4,NA,NA
ZBTB12,PIAS4,NA,NA
ZBTB2,PIAS4,NA,NA
ZBTB20,PIAS4,NA,NA
ZBTB25,PIAS4,NA,NA
ZBTB33,PIAS4,NA,NA
ZBTB38,PIAS4,NA,NA
ZBTB5,PIAS4,NA,NA
ZBTB9,PIAS4,NA,NA
ZC3H11A,PIAS4,NA,NA
ZCCHC7,PIAS4,NA,NA
ZFR,PIAS4,NA,NA
ZMYM2,PIAS4,NA,NA
ZMYM4,PIAS4,NA,NA
ZMYND8,PIAS4,NA,NA
ZNF106,PIAS4,NA,NA
ZNF131,PIAS4,NA,NA
ZNF251,PIAS4,NA,NA
ZNF280C,PIAS4,NA,NA
ZNF318,PIAS4,NA,NA
ZNF445,PIAS4,NA,NA
ZNF451,PIAS4,NA,NA
ZNF451-3,PIAS4,NA,NA
ZNF462,PIAS4,NA,NA
ZNF518A,PIAS4,NA,NA
ZNF644,PIAS4,NA,NA
ZNF687,PIAS4,NA,NA
ZNF800,PIAS4,NA,NA
ZNF827,PIAS4,NA,NA
ZNHIT6,PIAS4,NA,NA
ZXDC,PIAS4,NA,NA